{
  "nodes": [
    {
      "node_id": 0,
      "control": {
        "ctrl_name": "Building",
        "ctrl_params": [],
        "ctrl_arity": 0
      }
    },
    {
      "node_id": 1,
      "control": {
        "ctrl_name": "Floor",
        "ctrl_params": [],
        "ctrl_arity": 2
      }
    },
    {
      "node_id": 2,
      "control": {
        "ctrl_name": "Hallway",
        "ctrl_params": [],
        "ctrl_arity": 1
      }
    },
    {
      "node_id": 3,
      "control": {
        "ctrl_name": "Room",
        "ctrl_params": [],
        "ctrl_arity": 1
      }
    },
    {
      "node_id": 4,
      "control": {
        "ctrl_name": "Visitor",
        "ctrl_params": [],
        "ctrl_arity": 0
      }
    },
    {
      "node_id": 5,
      "control": {
        "ctrl_name": "Laptop",
        "ctrl_params": [],
        "ctrl_arity": 1
      }
    },
    {
      "node_id": 6,
      "control": {
        "ctrl_name": "HVAC",
        "ctrl_params": [],
        "ctrl_arity": 1
      }
    },
    {
      "node_id": 7,
      "control": {
        "ctrl_name": "Malware",
        "ctrl_params": [],
        "ctrl_arity": 0
      }
    },
    {
      "node_id": 8,
      "control": {
        "ctrl_name": "Server",
        "ctrl_params": [],
        "ctrl_arity": 1
      }
    },
    {
      "node_id": 9,
      "control": {
        "ctrl_name": "RulesKeywords",
        "ctrl_params": [],
        "ctrl_arity": 0
      }
    },
    {
      "node_id": 10,
      "control": {
        "ctrl_name": "SmartLight",
        "ctrl_params": [],
        "ctrl_arity": 1
      }
    },
    {
      "node_id": 11,
      "control": {
        "ctrl_name": "Room",
        "ctrl_params": [],
        "ctrl_arity": 1
      }
    },
    {
      "node_id": 12,
      "control": {
        "ctrl_name": "PhysicalConnection",
        "ctrl_params": [],
        "ctrl_arity": 1
      }
    },
    {
      "node_id": 13,
      "control": {
        "ctrl_name": "NoCard",
        "ctrl_params": [],
        "ctrl_arity": 0
      }
    },
    {
      "node_id": 14,
      "control": {
        "ctrl_name": "Context",
        "ctrl_params": [],
        "ctrl_arity": 1
      }
    },
    {
      "node_id": 15,
      "control": {
        "ctrl_name": "OutsideWorkingHours",
        "ctrl_params": [],
        "ctrl_arity": 0
      }
    },
    {
      "node_id": 16,
      "control": {
        "ctrl_name": "Room",
        "ctrl_params": [],
        "ctrl_arity": 1
      }
    },
    {
      "node_id": 17,
      "control": {
        "ctrl_name": "HVAC",
        "ctrl_params": [],
        "ctrl_arity": 1
      }
    },
    {
      "node_id": 18,
      "control": {
        "ctrl_name": "Status_Off",
        "ctrl_params": [],
        "ctrl_arity": 0
      }
    },
    {
      "node_id": 19,
      "control": {
        "ctrl_name": "Room",
        "ctrl_params": [],
        "ctrl_arity": 1
      }
    },
    {
      "node_id": 20,
      "control": {
        "ctrl_name": "SmartLight",
        "ctrl_params": [],
        "ctrl_arity": 1
      }
    },
    {
      "node_id": 21,
      "control": {
        "ctrl_name": "HVAC",
        "ctrl_params": [],
        "ctrl_arity": 1
      }
    },
    {
      "node_id": 22,
      "control": {
        "ctrl_name": "Status_On",
        "ctrl_params": [],
        "ctrl_arity": 0
      }
    },
    {
      "node_id": 23,
      "control": {
        "ctrl_name": "Desktop",
        "ctrl_params": [],
        "ctrl_arity": 1
      }
    },
    {
      "node_id": 24,
      "control": {
        "ctrl_name": "Desktop",
        "ctrl_params": [],
        "ctrl_arity": 1
      }
    },
    {
      "node_id": 25,
      "control": {
        "ctrl_name": "Employee",
        "ctrl_params": [],
        "ctrl_arity": 0
      }
    },
    {
      "node_id": 26,
      "control": {
        "ctrl_name": "Room",
        "ctrl_params": [],
        "ctrl_arity": 1
      }
    },
    {
      "node_id": 27,
      "control": {
        "ctrl_name": "SmartLight",
        "ctrl_params": [],
        "ctrl_arity": 1
      }
    },
    {
      "node_id": 28,
      "control": {
        "ctrl_name": "HVAC",
        "ctrl_params": [],
        "ctrl_arity": 1
      }
    },
    {
      "node_id": 29,
      "control": {
        "ctrl_name": "Status_On",
        "ctrl_params": [],
        "ctrl_arity": 0
      }
    },
    {
      "node_id": 30,
      "control": {
        "ctrl_name": "Desktop",
        "ctrl_params": [],
        "ctrl_arity": 1
      }
    },
    {
      "node_id": 31,
      "control": {
        "ctrl_name": "Desktop",
        "ctrl_params": [],
        "ctrl_arity": 1
      }
    },
    {
      "node_id": 32,
      "control": {
        "ctrl_name": "Employee",
        "ctrl_params": [],
        "ctrl_arity": 0
      }
    },
    {
      "node_id": 33,
      "control": {
        "ctrl_name": "Room",
        "ctrl_params": [],
        "ctrl_arity": 1
      }
    },
    {
      "node_id": 34,
      "control": {
        "ctrl_name": "SmartLight",
        "ctrl_params": [],
        "ctrl_arity": 1
      }
    },
    {
      "node_id": 35,
      "control": {
        "ctrl_name": "HVAC",
        "ctrl_params": [],
        "ctrl_arity": 1
      }
    },
    {
      "node_id": 36,
      "control": {
        "ctrl_name": "Status_On",
        "ctrl_params": [],
        "ctrl_arity": 0
      }
    },
    {
      "node_id": 37,
      "control": {
        "ctrl_name": "Desktop",
        "ctrl_params": [],
        "ctrl_arity": 1
      }
    },
    {
      "node_id": 38,
      "control": {
        "ctrl_name": "Desktop",
        "ctrl_params": [],
        "ctrl_arity": 1
      }
    },
    {
      "node_id": 39,
      "control": {
        "ctrl_name": "Employee",
        "ctrl_params": [],
        "ctrl_arity": 0
      }
    },
    {
      "node_id": 40,
      "control": {
        "ctrl_name": "Room",
        "ctrl_params": [],
        "ctrl_arity": 1
      }
    },
    {
      "node_id": 41,
      "control": {
        "ctrl_name": "SmartLight",
        "ctrl_params": [],
        "ctrl_arity": 1
      }
    },
    {
      "node_id": 42,
      "control": {
        "ctrl_name": "HVAC",
        "ctrl_params": [],
        "ctrl_arity": 1
      }
    },
    {
      "node_id": 43,
      "control": {
        "ctrl_name": "Status_On",
        "ctrl_params": [],
        "ctrl_arity": 0
      }
    },
    {
      "node_id": 44,
      "control": {
        "ctrl_name": "Desktop",
        "ctrl_params": [],
        "ctrl_arity": 1
      }
    },
    {
      "node_id": 45,
      "control": {
        "ctrl_name": "Desktop",
        "ctrl_params": [],
        "ctrl_arity": 1
      }
    },
    {
      "node_id": 46,
      "control": {
        "ctrl_name": "Employee",
        "ctrl_params": [],
        "ctrl_arity": 0
      }
    },
    {
      "node_id": 47,
      "control": {
        "ctrl_name": "Room",
        "ctrl_params": [],
        "ctrl_arity": 1
      }
    },
    {
      "node_id": 48,
      "control": {
        "ctrl_name": "SmartLight",
        "ctrl_params": [],
        "ctrl_arity": 1
      }
    },
    {
      "node_id": 49,
      "control": {
        "ctrl_name": "HVAC",
        "ctrl_params": [],
        "ctrl_arity": 1
      }
    },
    {
      "node_id": 50,
      "control": {
        "ctrl_name": "Status_On",
        "ctrl_params": [],
        "ctrl_arity": 0
      }
    },
    {
      "node_id": 51,
      "control": {
        "ctrl_name": "Desktop",
        "ctrl_params": [],
        "ctrl_arity": 1
      }
    },
    {
      "node_id": 52,
      "control": {
        "ctrl_name": "Desktop",
        "ctrl_params": [],
        "ctrl_arity": 1
      }
    },
    {
      "node_id": 53,
      "control": {
        "ctrl_name": "Employee",
        "ctrl_params": [],
        "ctrl_arity": 0
      }
    },
    {
      "node_id": 54,
      "control": {
        "ctrl_name": "Room",
        "ctrl_params": [],
        "ctrl_arity": 1
      }
    },
    {
      "node_id": 55,
      "control": {
        "ctrl_name": "SmartLight",
        "ctrl_params": [],
        "ctrl_arity": 1
      }
    },
    {
      "node_id": 56,
      "control": {
        "ctrl_name": "HVAC",
        "ctrl_params": [],
        "ctrl_arity": 1
      }
    },
    {
      "node_id": 57,
      "control": {
        "ctrl_name": "Status_On",
        "ctrl_params": [],
        "ctrl_arity": 0
      }
    },
    {
      "node_id": 58,
      "control": {
        "ctrl_name": "Desktop",
        "ctrl_params": [],
        "ctrl_arity": 1
      }
    },
    {
      "node_id": 59,
      "control": {
        "ctrl_name": "Desktop",
        "ctrl_params": [],
        "ctrl_arity": 1
      }
    },
    {
      "node_id": 60,
      "control": {
        "ctrl_name": "Employee",
        "ctrl_params": [],
        "ctrl_arity": 0
      }
    },
    {
      "node_id": 61,
      "control": {
        "ctrl_name": "Room",
        "ctrl_params": [],
        "ctrl_arity": 1
      }
    },
    {
      "node_id": 62,
      "control": {
        "ctrl_name": "SmartLight",
        "ctrl_params": [],
        "ctrl_arity": 1
      }
    },
    {
      "node_id": 63,
      "control": {
        "ctrl_name": "HVAC",
        "ctrl_params": [],
        "ctrl_arity": 1
      }
    },
    {
      "node_id": 64,
      "control": {
        "ctrl_name": "Status_On",
        "ctrl_params": [],
        "ctrl_arity": 0
      }
    },
    {
      "node_id": 65,
      "control": {
        "ctrl_name": "Desktop",
        "ctrl_params": [],
        "ctrl_arity": 1
      }
    },
    {
      "node_id": 66,
      "control": {
        "ctrl_name": "Desktop",
        "ctrl_params": [],
        "ctrl_arity": 1
      }
    },
    {
      "node_id": 67,
      "control": {
        "ctrl_name": "Employee",
        "ctrl_params": [],
        "ctrl_arity": 0
      }
    },
    {
      "node_id": 68,
      "control": {
        "ctrl_name": "Room",
        "ctrl_params": [],
        "ctrl_arity": 1
      }
    },
    {
      "node_id": 69,
      "control": {
        "ctrl_name": "SmartLight",
        "ctrl_params": [],
        "ctrl_arity": 1
      }
    },
    {
      "node_id": 70,
      "control": {
        "ctrl_name": "HVAC",
        "ctrl_params": [],
        "ctrl_arity": 1
      }
    },
    {
      "node_id": 71,
      "control": {
        "ctrl_name": "Status_On",
        "ctrl_params": [],
        "ctrl_arity": 0
      }
    },
    {
      "node_id": 72,
      "control": {
        "ctrl_name": "Desktop",
        "ctrl_params": [],
        "ctrl_arity": 1
      }
    },
    {
      "node_id": 73,
      "control": {
        "ctrl_name": "Desktop",
        "ctrl_params": [],
        "ctrl_arity": 1
      }
    },
    {
      "node_id": 74,
      "control": {
        "ctrl_name": "Employee",
        "ctrl_params": [],
        "ctrl_arity": 0
      }
    },
    {
      "node_id": 75,
      "control": {
        "ctrl_name": "Room",
        "ctrl_params": [],
        "ctrl_arity": 1
      }
    },
    {
      "node_id": 76,
      "control": {
        "ctrl_name": "SmartLight",
        "ctrl_params": [],
        "ctrl_arity": 1
      }
    },
    {
      "node_id": 77,
      "control": {
        "ctrl_name": "HVAC",
        "ctrl_params": [],
        "ctrl_arity": 1
      }
    },
    {
      "node_id": 78,
      "control": {
        "ctrl_name": "Status_On",
        "ctrl_params": [],
        "ctrl_arity": 0
      }
    },
    {
      "node_id": 79,
      "control": {
        "ctrl_name": "Employee",
        "ctrl_params": [],
        "ctrl_arity": 0
      }
    },
    {
      "node_id": 80,
      "control": {
        "ctrl_name": "Laptop",
        "ctrl_params": [],
        "ctrl_arity": 1
      }
    },
    {
      "node_id": 81,
      "control": {
        "ctrl_name": "SmartTV",
        "ctrl_params": [],
        "ctrl_arity": 1
      }
    },
    {
      "node_id": 82,
      "control": {
        "ctrl_name": "Camera",
        "ctrl_params": [],
        "ctrl_arity": 0
      }
    },
    {
      "node_id": 83,
      "control": {
        "ctrl_name": "Status_Off",
        "ctrl_params": [],
        "ctrl_arity": 0
      }
    },
    {
      "node_id": 84,
      "control": {
        "ctrl_name": "Microphone",
        "ctrl_params": [],
        "ctrl_arity": 0
      }
    },
    {
      "node_id": 85,
      "control": {
        "ctrl_name": "Status_Off",
        "ctrl_params": [],
        "ctrl_arity": 0
      }
    },
    {
      "node_id": 86,
      "control": {
        "ctrl_name": "Status_Off",
        "ctrl_params": [],
        "ctrl_arity": 0
      }
    },
    {
      "node_id": 87,
      "control": {
        "ctrl_name": "Server",
        "ctrl_params": [],
        "ctrl_arity": 1
      }
    },
    {
      "node_id": 88,
      "control": {
        "ctrl_name": "SmartLight",
        "ctrl_params": [],
        "ctrl_arity": 1
      }
    },
    {
      "node_id": 89,
      "control": {
        "ctrl_name": "Status_On",
        "ctrl_params": [],
        "ctrl_arity": 0
      }
    },
    {
      "node_id": 90,
      "control": {
        "ctrl_name": "Laptop",
        "ctrl_params": [],
        "ctrl_arity": 1
      }
    },
    {
      "node_id": 91,
      "control": {
        "ctrl_name": "Room",
        "ctrl_params": [],
        "ctrl_arity": 1
      }
    },
    {
      "node_id": 92,
      "control": {
        "ctrl_name": "SmartLight",
        "ctrl_params": [],
        "ctrl_arity": 1
      }
    },
    {
      "node_id": 93,
      "control": {
        "ctrl_name": "HVAC",
        "ctrl_params": [],
        "ctrl_arity": 1
      }
    },
    {
      "node_id": 94,
      "control": {
        "ctrl_name": "Status_On",
        "ctrl_params": [],
        "ctrl_arity": 0
      }
    },
    {
      "node_id": 95,
      "control": {
        "ctrl_name": "Room",
        "ctrl_params": [],
        "ctrl_arity": 1
      }
    },
    {
      "node_id": 96,
      "control": {
        "ctrl_name": "SmartLight",
        "ctrl_params": [],
        "ctrl_arity": 1
      }
    },
    {
      "node_id": 97,
      "control": {
        "ctrl_name": "HVAC",
        "ctrl_params": [],
        "ctrl_arity": 1
      }
    },
    {
      "node_id": 98,
      "control": {
        "ctrl_name": "Status_On",
        "ctrl_params": [],
        "ctrl_arity": 0
      }
    },
    {
      "node_id": 99,
      "control": {
        "ctrl_name": "Room",
        "ctrl_params": [],
        "ctrl_arity": 1
      }
    },
    {
      "node_id": 100,
      "control": {
        "ctrl_name": "SmartLight",
        "ctrl_params": [],
        "ctrl_arity": 1
      }
    },
    {
      "node_id": 101,
      "control": {
        "ctrl_name": "HVAC",
        "ctrl_params": [],
        "ctrl_arity": 1
      }
    },
    {
      "node_id": 102,
      "control": {
        "ctrl_name": "Status_On",
        "ctrl_params": [],
        "ctrl_arity": 0
      }
    },
    {
      "node_id": 103,
      "control": {
        "ctrl_name": "SmartLight",
        "ctrl_params": [],
        "ctrl_arity": 1
      }
    },
    {
      "node_id": 104,
      "control": {
        "ctrl_name": "Elevator",
        "ctrl_params": [],
        "ctrl_arity": 1
      }
    },
    {
      "node_id": 105,
      "control": {
        "ctrl_name": "CardReader",
        "ctrl_params": [],
        "ctrl_arity": 1
      }
    },
    {
      "node_id": 106,
      "control": {
        "ctrl_name": "Room",
        "ctrl_params": [],
        "ctrl_arity": 1
      }
    },
    {
      "node_id": 107,
      "control": {
        "ctrl_name": "SmartLight",
        "ctrl_params": [],
        "ctrl_arity": 1
      }
    },
    {
      "node_id": 108,
      "control": {
        "ctrl_name": "HVAC",
        "ctrl_params": [],
        "ctrl_arity": 1
      }
    },
    {
      "node_id": 109,
      "control": {
        "ctrl_name": "Status_On",
        "ctrl_params": [],
        "ctrl_arity": 0
      }
    },
    {
      "node_id": 110,
      "control": {
        "ctrl_name": "Room",
        "ctrl_params": [],
        "ctrl_arity": 1
      }
    },
    {
      "node_id": 111,
      "control": {
        "ctrl_name": "SmartLight",
        "ctrl_params": [],
        "ctrl_arity": 1
      }
    },
    {
      "node_id": 112,
      "control": {
        "ctrl_name": "HVAC",
        "ctrl_params": [],
        "ctrl_arity": 1
      }
    },
    {
      "node_id": 113,
      "control": {
        "ctrl_name": "Status_On",
        "ctrl_params": [],
        "ctrl_arity": 0
      }
    },
    {
      "node_id": 114,
      "control": {
        "ctrl_name": "CCTV",
        "ctrl_params": [],
        "ctrl_arity": 1
      }
    },
    {
      "node_id": 115,
      "control": {
        "ctrl_name": "HVAC",
        "ctrl_params": [],
        "ctrl_arity": 1
      }
    },
    {
      "node_id": 116,
      "control": {
        "ctrl_name": "Status_On",
        "ctrl_params": [],
        "ctrl_arity": 0
      }
    },
    {
      "node_id": 117,
      "control": {
        "ctrl_name": "BusNetwork",
        "ctrl_params": [],
        "ctrl_arity": 1
      }
    },
    {
      "node_id": 118,
      "control": {
        "ctrl_name": "Data",
        "ctrl_params": [],
        "ctrl_arity": 0
      }
    },
    {
      "node_id": 119,
      "control": {
        "ctrl_name": "IPNetwork",
        "ctrl_params": [],
        "ctrl_arity": 1
      }
    },
    {
      "node_id": 120,
      "control": {
        "ctrl_name": "PhysicalConnection",
        "ctrl_params": [],
        "ctrl_arity": 1
      }
    },
    {
      "node_id": 121,
      "control": {
        "ctrl_name": "CardRequired",
        "ctrl_params": [],
        "ctrl_arity": 0
      }
    },
    {
      "node_id": 122,
      "control": {
        "ctrl_name": "EnterRoom",
        "ctrl_params": [],
        "ctrl_arity": 0
      }
    },
    {
      "node_id": 123,
      "control": {
        "ctrl_name": "ConnectIPDevice",
        "ctrl_params": [],
        "ctrl_arity": 0
      }
    },
    {
      "node_id": 124,
      "control": {
        "ctrl_name": "DisconnectIPDevice",
        "ctrl_params": [],
        "ctrl_arity": 0
      }
    },
    {
      "node_id": 125,
      "control": {
        "ctrl_name": "DisconnectBusDevice",
        "ctrl_params": [],
        "ctrl_arity": 0
      }
    },
    {
      "node_id": 126,
      "control": {
        "ctrl_name": "SendData",
        "ctrl_params": [],
        "ctrl_arity": 0
      }
    },
    {
      "node_id": 127,
      "control": {
        "ctrl_name": "DisableHVAC",
        "ctrl_params": [],
        "ctrl_arity": 0
      }
    },
    {
      "node_id": 128,
      "control": {
        "ctrl_name": "EnterRoomWithoutCardReader",
        "ctrl_params": [],
        "ctrl_arity": 0
      }
    },
    {
      "node_id": 129,
      "control": {
        "ctrl_name": "ChangeAccessToCardRequired",
        "ctrl_params": [],
        "ctrl_arity": 0
      }
    },
    {
      "node_id": 130,
      "control": {
        "ctrl_name": "ChangeAccessToCardNotRequired",
        "ctrl_params": [],
        "ctrl_arity": 0
      }
    },
    {
      "node_id": 131,
      "control": {
        "ctrl_name": "ChangeContextToWorkingHours",
        "ctrl_params": [],
        "ctrl_arity": 0
      }
    },
    {
      "node_id": 132,
      "control": {
        "ctrl_name": "TurnOnHVAC",
        "ctrl_params": [],
        "ctrl_arity": 0
      }
    },
    {
      "node_id": 133,
      "control": {
        "ctrl_name": "TurnOnSmartTV",
        "ctrl_params": [],
        "ctrl_arity": 0
      }
    },
    {
      "node_id": 134,
      "control": {
        "ctrl_name": "TurnOffSmartTV",
        "ctrl_params": [],
        "ctrl_arity": 0
      }
    },
    {
      "node_id": 135,
      "control": {
        "ctrl_name": "TurnONTVMicrophone",
        "ctrl_params": [],
        "ctrl_arity": 0
      }
    },
    {
      "node_id": 136,
      "control": {
        "ctrl_name": "TurnONTVCamera",
        "ctrl_params": [],
        "ctrl_arity": 0
      }
    },
    {
      "node_id": 137,
      "control": {
        "ctrl_name": "TurnOffTVMicrophone",
        "ctrl_params": [],
        "ctrl_arity": 0
      }
    },
    {
      "node_id": 138,
      "control": {
        "ctrl_name": "TurnOffTVCamera",
        "ctrl_params": [],
        "ctrl_arity": 0
      }
    },
    {
      "node_id": 139,
      "control": {
        "ctrl_name": "GenerateData",
        "ctrl_params": [],
        "ctrl_arity": 0
      }
    },
    {
      "node_id": 140,
      "control": {
        "ctrl_name": "CollectData",
        "ctrl_params": [],
        "ctrl_arity": 0
      }
    }
  ],
  "place_graph": {
    "num_regions": 4,
    "num_nodes": 141,
    "num_sites": 0,
    "rn": [
      {
        "source": 0,
        "target": 0
      },
      {
        "source": 1,
        "target": 12
      },
      {
        "source": 1,
        "target": 120
      },
      {
        "source": 2,
        "target": 14
      },
      {
        "source": 3,
        "target": 9
      }
    ],
    "rs": [],
    "nn": [
      {
        "source": 0,
        "target": 1
      },
      {
        "source": 0,
        "target": 117
      },
      {
        "source": 0,
        "target": 119
      },
      {
        "source": 1,
        "target": 2
      },
      {
        "source": 1,
        "target": 3
      },
      {
        "source": 1,
        "target": 11
      },
      {
        "source": 1,
        "target": 16
      },
      {
        "source": 1,
        "target": 19
      },
      {
        "source": 1,
        "target": 26
      },
      {
        "source": 1,
        "target": 33
      },
      {
        "source": 1,
        "target": 40
      },
      {
        "source": 1,
        "target": 47
      },
      {
        "source": 1,
        "target": 54
      },
      {
        "source": 1,
        "target": 61
      },
      {
        "source": 1,
        "target": 68
      },
      {
        "source": 1,
        "target": 75
      },
      {
        "source": 1,
        "target": 91
      },
      {
        "source": 1,
        "target": 95
      },
      {
        "source": 1,
        "target": 99
      },
      {
        "source": 1,
        "target": 106
      },
      {
        "source": 1,
        "target": 110
      },
      {
        "source": 2,
        "target": 4
      },
      {
        "source": 2,
        "target": 10
      },
      {
        "source": 2,
        "target": 114
      },
      {
        "source": 2,
        "target": 115
      },
      {
        "source": 3,
        "target": 6
      },
      {
        "source": 3,
        "target": 8
      },
      {
        "source": 3,
        "target": 88
      },
      {
        "source": 3,
        "target": 90
      },
      {
        "source": 4,
        "target": 5
      },
      {
        "source": 6,
        "target": 7
      },
      {
        "source": 6,
        "target": 89
      },
      {
        "source": 9,
        "target": 122
      },
      {
        "source": 9,
        "target": 123
      },
      {
        "source": 9,
        "target": 124
      },
      {
        "source": 9,
        "target": 125
      },
      {
        "source": 9,
        "target": 126
      },
      {
        "source": 9,
        "target": 127
      },
      {
        "source": 9,
        "target": 128
      },
      {
        "source": 9,
        "target": 129
      },
      {
        "source": 9,
        "target": 130
      },
      {
        "source": 9,
        "target": 131
      },
      {
        "source": 9,
        "target": 132
      },
      {
        "source": 9,
        "target": 133
      },
      {
        "source": 9,
        "target": 134
      },
      {
        "source": 9,
        "target": 135
      },
      {
        "source": 9,
        "target": 136
      },
      {
        "source": 9,
        "target": 137
      },
      {
        "source": 9,
        "target": 138
      },
      {
        "source": 9,
        "target": 139
      },
      {
        "source": 9,
        "target": 140
      },
      {
        "source": 11,
        "target": 104
      },
      {
        "source": 11,
        "target": 105
      },
      {
        "source": 12,
        "target": 13
      },
      {
        "source": 14,
        "target": 15
      },
      {
        "source": 16,
        "target": 17
      },
      {
        "source": 16,
        "target": 103
      },
      {
        "source": 17,
        "target": 18
      },
      {
        "source": 19,
        "target": 20
      },
      {
        "source": 19,
        "target": 21
      },
      {
        "source": 19,
        "target": 23
      },
      {
        "source": 19,
        "target": 24
      },
      {
        "source": 19,
        "target": 25
      },
      {
        "source": 21,
        "target": 22
      },
      {
        "source": 26,
        "target": 27
      },
      {
        "source": 26,
        "target": 28
      },
      {
        "source": 26,
        "target": 30
      },
      {
        "source": 26,
        "target": 31
      },
      {
        "source": 26,
        "target": 32
      },
      {
        "source": 28,
        "target": 29
      },
      {
        "source": 33,
        "target": 34
      },
      {
        "source": 33,
        "target": 35
      },
      {
        "source": 33,
        "target": 37
      },
      {
        "source": 33,
        "target": 38
      },
      {
        "source": 33,
        "target": 39
      },
      {
        "source": 35,
        "target": 36
      },
      {
        "source": 40,
        "target": 41
      },
      {
        "source": 40,
        "target": 42
      },
      {
        "source": 40,
        "target": 44
      },
      {
        "source": 40,
        "target": 45
      },
      {
        "source": 40,
        "target": 46
      },
      {
        "source": 42,
        "target": 43
      },
      {
        "source": 47,
        "target": 48
      },
      {
        "source": 47,
        "target": 49
      },
      {
        "source": 47,
        "target": 51
      },
      {
        "source": 47,
        "target": 52
      },
      {
        "source": 47,
        "target": 53
      },
      {
        "source": 49,
        "target": 50
      },
      {
        "source": 54,
        "target": 55
      },
      {
        "source": 54,
        "target": 56
      },
      {
        "source": 54,
        "target": 58
      },
      {
        "source": 54,
        "target": 59
      },
      {
        "source": 54,
        "target": 60
      },
      {
        "source": 56,
        "target": 57
      },
      {
        "source": 61,
        "target": 62
      },
      {
        "source": 61,
        "target": 63
      },
      {
        "source": 61,
        "target": 65
      },
      {
        "source": 61,
        "target": 66
      },
      {
        "source": 61,
        "target": 67
      },
      {
        "source": 63,
        "target": 64
      },
      {
        "source": 68,
        "target": 69
      },
      {
        "source": 68,
        "target": 70
      },
      {
        "source": 68,
        "target": 72
      },
      {
        "source": 68,
        "target": 73
      },
      {
        "source": 68,
        "target": 74
      },
      {
        "source": 70,
        "target": 71
      },
      {
        "source": 75,
        "target": 76
      },
      {
        "source": 75,
        "target": 77
      },
      {
        "source": 75,
        "target": 79
      },
      {
        "source": 75,
        "target": 80
      },
      {
        "source": 75,
        "target": 81
      },
      {
        "source": 75,
        "target": 87
      },
      {
        "source": 77,
        "target": 78
      },
      {
        "source": 81,
        "target": 82
      },
      {
        "source": 81,
        "target": 84
      },
      {
        "source": 81,
        "target": 86
      },
      {
        "source": 82,
        "target": 83
      },
      {
        "source": 84,
        "target": 85
      },
      {
        "source": 91,
        "target": 92
      },
      {
        "source": 91,
        "target": 93
      },
      {
        "source": 93,
        "target": 94
      },
      {
        "source": 95,
        "target": 96
      },
      {
        "source": 95,
        "target": 97
      },
      {
        "source": 97,
        "target": 98
      },
      {
        "source": 99,
        "target": 100
      },
      {
        "source": 99,
        "target": 101
      },
      {
        "source": 101,
        "target": 102
      },
      {
        "source": 106,
        "target": 107
      },
      {
        "source": 106,
        "target": 108
      },
      {
        "source": 108,
        "target": 109
      },
      {
        "source": 110,
        "target": 111
      },
      {
        "source": 110,
        "target": 112
      },
      {
        "source": 112,
        "target": 113
      },
      {
        "source": 115,
        "target": 116
      },
      {
        "source": 117,
        "target": 118
      },
      {
        "source": 120,
        "target": 121
      }
    ],
    "ns": []
  },
  "link_graph": [
    {
      "inner": [],
      "outer": [],
      "ports": [
        {
          "node_id": 10,
          "port_arity": 1
        }
      ]
    },
    {
      "inner": [],
      "outer": [
        {
          "name": "busNet"
        }
      ],
      "ports": [
        {
          "node_id": 5,
          "port_arity": 1
        },
        {
          "node_id": 6,
          "port_arity": 1
        },
        {
          "node_id": 8,
          "port_arity": 1
        },
        {
          "node_id": 17,
          "port_arity": 1
        },
        {
          "node_id": 20,
          "port_arity": 1
        },
        {
          "node_id": 21,
          "port_arity": 1
        },
        {
          "node_id": 27,
          "port_arity": 1
        },
        {
          "node_id": 28,
          "port_arity": 1
        },
        {
          "node_id": 34,
          "port_arity": 1
        },
        {
          "node_id": 35,
          "port_arity": 1
        },
        {
          "node_id": 41,
          "port_arity": 1
        },
        {
          "node_id": 42,
          "port_arity": 1
        },
        {
          "node_id": 48,
          "port_arity": 1
        },
        {
          "node_id": 49,
          "port_arity": 1
        },
        {
          "node_id": 55,
          "port_arity": 1
        },
        {
          "node_id": 56,
          "port_arity": 1
        },
        {
          "node_id": 62,
          "port_arity": 1
        },
        {
          "node_id": 63,
          "port_arity": 1
        },
        {
          "node_id": 69,
          "port_arity": 1
        },
        {
          "node_id": 70,
          "port_arity": 1
        },
        {
          "node_id": 76,
          "port_arity": 1
        },
        {
          "node_id": 77,
          "port_arity": 1
        },
        {
          "node_id": 87,
          "port_arity": 1
        },
        {
          "node_id": 88,
          "port_arity": 1
        },
        {
          "node_id": 92,
          "port_arity": 1
        },
        {
          "node_id": 93,
          "port_arity": 1
        },
        {
          "node_id": 96,
          "port_arity": 1
        },
        {
          "node_id": 97,
          "port_arity": 1
        },
        {
          "node_id": 100,
          "port_arity": 1
        },
        {
          "node_id": 101,
          "port_arity": 1
        },
        {
          "node_id": 103,
          "port_arity": 1
        },
        {
          "node_id": 105,
          "port_arity": 1
        },
        {
          "node_id": 107,
          "port_arity": 1
        },
        {
          "node_id": 108,
          "port_arity": 1
        },
        {
          "node_id": 111,
          "port_arity": 1
        },
        {
          "node_id": 112,
          "port_arity": 1
        },
        {
          "node_id": 114,
          "port_arity": 1
        },
        {
          "node_id": 115,
          "port_arity": 1
        },
        {
          "node_id": 117,
          "port_arity": 1
        }
      ]
    },
    {
      "inner": [],
      "outer": [
        {
          "name": "c"
        }
      ],
      "ports": [
        {
          "node_id": 14,
          "port_arity": 1
        }
      ]
    },
    {
      "inner": [],
      "outer": [
        {
          "name": "elevator"
        }
      ],
      "ports": [
        {
          "node_id": 104,
          "port_arity": 1
        }
      ]
    },
    {
      "inner": [],
      "outer": [
        {
          "name": "hallway"
        }
      ],
      "ports": [
        {
          "node_id": 2,
          "port_arity": 1
        },
        {
          "node_id": 3,
          "port_arity": 1
        },
        {
          "node_id": 11,
          "port_arity": 1
        },
        {
          "node_id": 12,
          "port_arity": 1
        },
        {
          "node_id": 16,
          "port_arity": 1
        },
        {
          "node_id": 19,
          "port_arity": 1
        },
        {
          "node_id": 26,
          "port_arity": 1
        },
        {
          "node_id": 33,
          "port_arity": 1
        },
        {
          "node_id": 40,
          "port_arity": 1
        },
        {
          "node_id": 47,
          "port_arity": 1
        },
        {
          "node_id": 54,
          "port_arity": 1
        },
        {
          "node_id": 61,
          "port_arity": 1
        },
        {
          "node_id": 68,
          "port_arity": 1
        },
        {
          "node_id": 75,
          "port_arity": 1
        },
        {
          "node_id": 91,
          "port_arity": 1
        },
        {
          "node_id": 95,
          "port_arity": 1
        },
        {
          "node_id": 99,
          "port_arity": 1
        },
        {
          "node_id": 106,
          "port_arity": 1
        },
        {
          "node_id": 110,
          "port_arity": 1
        },
        {
          "node_id": 120,
          "port_arity": 1
        }
      ]
    },
    {
      "inner": [],
      "outer": [
        {
          "name": "ipNet"
        }
      ],
      "ports": [
        {
          "node_id": 23,
          "port_arity": 1
        },
        {
          "node_id": 24,
          "port_arity": 1
        },
        {
          "node_id": 30,
          "port_arity": 1
        },
        {
          "node_id": 31,
          "port_arity": 1
        },
        {
          "node_id": 37,
          "port_arity": 1
        },
        {
          "node_id": 38,
          "port_arity": 1
        },
        {
          "node_id": 44,
          "port_arity": 1
        },
        {
          "node_id": 45,
          "port_arity": 1
        },
        {
          "node_id": 51,
          "port_arity": 1
        },
        {
          "node_id": 52,
          "port_arity": 1
        },
        {
          "node_id": 58,
          "port_arity": 1
        },
        {
          "node_id": 59,
          "port_arity": 1
        },
        {
          "node_id": 65,
          "port_arity": 1
        },
        {
          "node_id": 66,
          "port_arity": 1
        },
        {
          "node_id": 72,
          "port_arity": 1
        },
        {
          "node_id": 73,
          "port_arity": 1
        },
        {
          "node_id": 80,
          "port_arity": 1
        },
        {
          "node_id": 81,
          "port_arity": 1
        },
        {
          "node_id": 90,
          "port_arity": 1
        },
        {
          "node_id": 119,
          "port_arity": 1
        }
      ]
    },
    {
      "inner": [],
      "outer": [
        {
          "name": "lowerFloor"
        }
      ],
      "ports": [
        {
          "node_id": 1,
          "port_arity": 1
        }
      ]
    },
    {
      "inner": [],
      "outer": [
        {
          "name": "upperFloor"
        }
      ],
      "ports": [
        {
          "node_id": 1,
          "port_arity": 1
        }
      ]
    }
  ]
}